name,price,production_year,kilometeres_driven,fuel_capacity,fuel_type,thumbnail
Chevrolet Camaro 3.6 V6 Coupe 2LT,128 000 PLN,2017,72 000 km,3 564 cm3,Benzyna,https://ireland.apollo.olxcdn.com/v1/files/eyJmbiI6ImhlemF6ejBvMXVqbTMtT1RPTU9UT1BMIiwidyI6W3siZm4iOiJ3ZzRnbnFwNnkxZi1PVE9NT1RPUEwiLCJzIjoiMTYiLCJwIjoiMTAsLTEwIiwiYSI6IjAifV19.ZLhZcXR046jfwFJEBxWJKA6uFzGWx3dX-XJHqPPA22g/image;s=320x240
Chevrolet Camaro 6.2 V8 Coupe,139 900 PLN,2017,192 000 km,6 162 cm3,Benzyna,https://ireland.apollo.olxcdn.com/v1/files/eyJmbiI6IjltYmp1emw2Z3NzdTItT1RPTU9UT1BMIiwidyI6W3siZm4iOiJ3ZzRnbnFwNnkxZi1PVE9NT1RPUEwiLCJzIjoiMTYiLCJwIjoiMTAsLTEwIiwiYSI6IjAifV19.q4zk7U-GGfvGVFCoLplh739X7u7YHA5XYVM8g7FZLmI/image;s=320x240
Chevrolet Camaro,97 500 PLN,2018,36 800 km,1 998 cm3,Benzyna,https://ireland.apollo.olxcdn.com/v1/files/eyJmbiI6Im50OXExa25ldmY1MzItT1RPTU9UT1BMIiwidyI6W3siZm4iOiJ3ZzRnbnFwNnkxZi1PVE9NT1RPUEwiLCJzIjoiMTYiLCJwIjoiMTAsLTEwIiwiYSI6IjAifV19.PHy4kjjzADUolY7vXBMTFhdYLkk81C79DBPGeLw9fI8/image;s=320x240
Chevrolet Camaro 6.2 V8 Coupe,95 000 PLN,2014,77 600 km,6 162 cm3,Benzyna,https://ireland.apollo.olxcdn.com/v1/files/eyJmbiI6ImVvZGp3MjNrOWQzbS1PVE9NT1RPUEwiLCJ3IjpbeyJmbiI6IndnNGducXA2eTFmLU9UT01PVE9QTCIsInMiOiIxNiIsInAiOiIxMCwtMTAiLCJhIjoiMCJ9XX0.X1fu2CchJOKo_S1dkIS8I0RLDrTShVtSj_YmBghyg7U/image;s=320x240
Chevrolet Camaro 3.6 V6 Coupe 2LT,79 900 PLN,2014,62 750 km,3 600 cm3,Benzyna,https://ireland.apollo.olxcdn.com/v1/files/eyJmbiI6Ijl0dDJ5ZHlpNDJvbTMtT1RPTU9UT1BMIiwidyI6W3siZm4iOiJ3ZzRnbnFwNnkxZi1PVE9NT1RPUEwiLCJzIjoiMTYiLCJwIjoiMTAsLTEwIiwiYSI6IjAifV19.o4kMQxVjsJ9YasKPkmclvP5pLmXQg4mZgkyplFyFEz4/image;s=320x240
Chevrolet Camaro 3.6 V6 Coupe 2LT,86 900 PLN,2014,102 000 km,3 564 cm3,Benzyna,https://ireland.apollo.olxcdn.com/v1/files/eyJmbiI6IjVhdGNvZDR4bXY0aS1PVE9NT1RPUEwiLCJ3IjpbeyJmbiI6IndnNGducXA2eTFmLU9UT01PVE9QTCIsInMiOiIxNiIsInAiOiIxMCwtMTAiLCJhIjoiMCJ9XX0.8MaoX54pp7TAAwOEjj5Se54aK_PZWH4ssKYn6fKh20s/image;s=320x240
Chevrolet Camaro Coupe 6.2 V8,160 000 PLN,2017,41 600 km,6 162 cm3,Benzyna,https://ireland.apollo.olxcdn.com/v1/files/eyJmbiI6IjA1N3Axdjc3bGVqYTEtT1RPTU9UT1BMIiwidyI6W3siZm4iOiJ3ZzRnbnFwNnkxZi1PVE9NT1RPUEwiLCJzIjoiMTYiLCJwIjoiMTAsLTEwIiwiYSI6IjAifV19.XDbXQOXGC67JCVg51Ps5vt5uvULNnuwpbCHgsnMlIRA/image;s=320x240
Chevrolet Camaro,249 000 PLN,2018,40 300 km,6 162 cm3,Benzyna,https://ireland.apollo.olxcdn.com/v1/files/eyJmbiI6InFpdnpoem8zZ3I3di1PVE9NT1RPUEwiLCJ3IjpbeyJmbiI6IndnNGducXA2eTFmLU9UT01PVE9QTCIsInMiOiIxNiIsInAiOiIxMCwtMTAiLCJhIjoiMCJ9XX0.Dckq0Hc9RFHSSpP4oo4wC5CswNsql97cgp8pmZgPXoM/image;s=320x240
Chevrolet Camaro,98 000 PLN,2016,52 180 km,1 998 cm3,Benzyna,https://ireland.apollo.olxcdn.com/v1/files/eyJmbiI6InJsem05dDV0cjAwcDEtT1RPTU9UT1BMIiwidyI6W3siZm4iOiJ3ZzRnbnFwNnkxZi1PVE9NT1RPUEwiLCJzIjoiMTYiLCJwIjoiMTAsLTEwIiwiYSI6IjAifV19.lbLnL5Pjo60jE26X_J7v5WYgD9Q0-btTEA113Ixe9m8/image;s=320x240
Chevrolet Camaro Coupe 6.2 V8,147 800 PLN,2016,45 000 km,6 162 cm3,Benzyna,https://ireland.apollo.olxcdn.com/v1/files/eyJmbiI6InJ5M3Znb202ZnllZDItT1RPTU9UT1BMIiwidyI6W3siZm4iOiJ3ZzRnbnFwNnkxZi1PVE9NT1RPUEwiLCJzIjoiMTYiLCJwIjoiMTAsLTEwIiwiYSI6IjAifV19.ZSQ9MkuzELaMaPiJ6NCwK1JpsrW-oM1D0edB414P-ew/image;s=320x240
Chevrolet Camaro,59 000 PLN,2014,91 000 km,3 600 cm3,Benzyna,https://ireland.apollo.olxcdn.com/v1/files/eyJmbiI6InV0aXpnY2xlaWFvcC1PVE9NT1RPUEwiLCJ3IjpbeyJmbiI6IndnNGducXA2eTFmLU9UT01PVE9QTCIsInMiOiIxNiIsInAiOiIxMCwtMTAiLCJhIjoiMCJ9XX0.CcXw_l1HCvI2OHHTYEMXDuhfuInHQ8cFx7s-JQrEzdM/image;s=320x240
Chevrolet Camaro,62 900 PLN,2014,180 000 km,3 600 cm3,Benzyna,https://ireland.apollo.olxcdn.com/v1/files/eyJmbiI6Im12cjR3YWdhZjY1NDEtT1RPTU9UT1BMIiwidyI6W3siZm4iOiJ3ZzRnbnFwNnkxZi1PVE9NT1RPUEwiLCJzIjoiMTYiLCJwIjoiMTAsLTEwIiwiYSI6IjAifV19.0pMrGNpxI7wRCikiA27sVi35uyJtcGOBaPF5MEM20Y0/image;s=320x240
Chevrolet Camaro Coupe 6.2 V8,155 000 PLN,2018,65 767 km,6 162 cm3,Benzyna,https://ireland.apollo.olxcdn.com/v1/files/eyJmbiI6Inh3amx3emJwcWR5OTEtT1RPTU9UT1BMIiwidyI6W3siZm4iOiJ3ZzRnbnFwNnkxZi1PVE9NT1RPUEwiLCJzIjoiMTYiLCJwIjoiMTAsLTEwIiwiYSI6IjAifV19.PpDPh_r43Sva9yJK0aNA9EtAE_gW3MOOIB0_wesJK9k/image;s=320x240
Chevrolet Camaro Cabrio 6.2 V8,299 000 PLN,2013,83 000 km,6 162 cm3,Benzyna,https://ireland.apollo.olxcdn.com/v1/files/eyJmbiI6InY4N2dlbGN4aWZ1aTEtT1RPTU9UT1BMIiwidyI6W3siZm4iOiJ3ZzRnbnFwNnkxZi1PVE9NT1RPUEwiLCJzIjoiMTYiLCJwIjoiMTAsLTEwIiwiYSI6IjAifV19.QXFxbfykO_QBE39KrZC47AY_-Ml0BVBA6BxeqVNuGxE/image;s=320x240
Chevrolet Camaro Coupe 6.2 V8,84 000 PLN,2020,89 800 km,6 162 cm3,Benzyna,https://ireland.apollo.olxcdn.com/v1/files/eyJmbiI6ImRmeWR4NjcyZXRpYjEtT1RPTU9UT1BMIiwidyI6W3siZm4iOiJ3ZzRnbnFwNnkxZi1PVE9NT1RPUEwiLCJzIjoiMTYiLCJwIjoiMTAsLTEwIiwiYSI6IjAifV19.oNvw1JpYcc0UB8SlKww5g5MB0E7nYbye6R-vJCXXN2I/image;s=644x461
Chevrolet Camaro,95 000 PLN,2017,108 000 km,3 600 cm3,Benzyna,https://ireland.apollo.olxcdn.com/v1/files/eyJmbiI6Imp1aWJ4cG04ZzcwaDMtT1RPTU9UT1BMIiwidyI6W3siZm4iOiJ3ZzRnbnFwNnkxZi1PVE9NT1RPUEwiLCJzIjoiMTYiLCJwIjoiMTAsLTEwIiwiYSI6IjAifV19.QGK92og_s3Sg7yHqSgMwRoMYhclfTNyNEHOi7c79fjs/image;s=320x240
Chevrolet Camaro,134 900 PLN,2018,65 600 km,6 162 cm3,Benzyna,https://ireland.apollo.olxcdn.com/v1/files/eyJmbiI6InBodWZmY2V6bzhmbTEtT1RPTU9UT1BMIiwidyI6W3siZm4iOiJ3ZzRnbnFwNnkxZi1PVE9NT1RPUEwiLCJzIjoiMTYiLCJwIjoiMTAsLTEwIiwiYSI6IjAifV19.WCwzDEY3C4RnQgxXSbHO3-2W9cWDZtzyTqfeLbDEJNA/image;s=320x240
Chevrolet Camaro,139 900 PLN,2013,119 750 km,6 162 cm3,Benzyna,https://ireland.apollo.olxcdn.com/v1/files/eyJmbiI6ImZudDg4OHRydnpseTItT1RPTU9UT1BMIiwidyI6W3siZm4iOiJ3ZzRnbnFwNnkxZi1PVE9NT1RPUEwiLCJzIjoiMTYiLCJwIjoiMTAsLTEwIiwiYSI6IjAifV19.5Y3SGGNo8Oc_OBn5kLMxC4kyuZRq_-RAZkfK4ArMOfw/image;s=320x240
Chevrolet Camaro,96 999 PLN,2016,94 000 km,3 600 cm3,Benzyna,https://ireland.apollo.olxcdn.com/v1/files/eyJmbiI6IjBvM2lkbnRmcjdjNDEtT1RPTU9UT1BMIiwidyI6W3siZm4iOiJ3ZzRnbnFwNnkxZi1PVE9NT1RPUEwiLCJzIjoiMTYiLCJwIjoiMTAsLTEwIiwiYSI6IjAifV19.uExnnPue1JNnWQqoA3cXD-N7he35HIqkSxONdrNlXk8/image;s=320x240
Chevrolet Camaro Coupe 2.0,99 900 PLN,2017,29 500 km,1 998 cm3,Benzyna,https://ireland.apollo.olxcdn.com/v1/files/eyJmbiI6IjIzOHNpZHJkdzF0dC1PVE9NT1RPUEwiLCJ3IjpbeyJmbiI6IndnNGducXA2eTFmLU9UT01PVE9QTCIsInMiOiIxNiIsInAiOiIxMCwtMTAiLCJhIjoiMCJ9XX0.BlbKj7W6veJZorfXZ1JMJnjwEQ5NXulq0MErpX-nNUQ/image;s=320x240
Chevrolet Camaro 3.6 V6 Coupe 2LT,119 000 PLN,2017,85 000 km,3 600 cm3,Benzyna,https://ireland.apollo.olxcdn.com/v1/files/eyJmbiI6Inlya3lhcDk3aXFqNTMtT1RPTU9UT1BMIiwidyI6W3siZm4iOiJ3ZzRnbnFwNnkxZi1PVE9NT1RPUEwiLCJzIjoiMTYiLCJwIjoiMTAsLTEwIiwiYSI6IjAifV19.aQmiOyH5Q3YPPX6-cSE2ecgWFjQvL30PQQi1MKSZdhU/image;s=320x240
Chevrolet Camaro,80 000 PLN,2017,135 236 km,6 162 cm3,Benzyna,https://ireland.apollo.olxcdn.com/v1/files/eyJmbiI6IndqcTNjNTBtdTVoMTEtT1RPTU9UT1BMIiwidyI6W3siZm4iOiJ3ZzRnbnFwNnkxZi1PVE9NT1RPUEwiLCJzIjoiMTYiLCJwIjoiMTAsLTEwIiwiYSI6IjAifV19.gW7_0HrsHBFlTcJYl9aoK1-LTxiUzoLPQSfieeWMkmI/image;s=320x240
Chevrolet Camaro,143 000 PLN,2016,74 000 km,6 162 cm3,Benzyna,https://ireland.apollo.olxcdn.com/v1/files/eyJmbiI6Imkzb2htdHgwMXI1bC1PVE9NT1RPUEwiLCJ3IjpbeyJmbiI6IndnNGducXA2eTFmLU9UT01PVE9QTCIsInMiOiIxNiIsInAiOiIxMCwtMTAiLCJhIjoiMCJ9XX0.yEj2nY450rz8VMdzM6-PVOvdYkyOf_zYPB3-gdcTHHI/image;s=320x240
Chevrolet Camaro 3.6 V6 Coupe 2LT,41 900 PLN,2016,75 000 km,3 600 cm3,Benzyna,https://ireland.apollo.olxcdn.com/v1/files/eyJmbiI6InZjcTVmN2g5cDkzODMtT1RPTU9UT1BMIiwidyI6W3siZm4iOiJ3ZzRnbnFwNnkxZi1PVE9NT1RPUEwiLCJzIjoiMTYiLCJwIjoiMTAsLTEwIiwiYSI6IjAifV19.eFIiURaxjNYLFAktXiV8GUt4fVed4x7xSpBwURuaaxk/image;s=320x240
Chevrolet Camaro,68 900 PLN,2016,36 700 km,6 162 cm3,Benzyna,https://ireland.apollo.olxcdn.com/v1/files/eyJmbiI6InlmZmNvZmtrbjJxcDEtT1RPTU9UT1BMIiwidyI6W3siZm4iOiJ3ZzRnbnFwNnkxZi1PVE9NT1RPUEwiLCJzIjoiMTYiLCJwIjoiMTAsLTEwIiwiYSI6IjAifV19.wCl6dHKZUaMkoxX-6MH5WcA2JEHP9GVUHNx4Vw41iCw/image;s=320x240
Chevrolet Camaro 6.2 V8 Coupe,124 000 PLN,2014,26 000 km,6 162 cm3,Benzyna,https://ireland.apollo.olxcdn.com/v1/files/eyJmbiI6ImtybW5ldm11c3FwbC1PVE9NT1RPUEwiLCJ3IjpbeyJmbiI6IndnNGducXA2eTFmLU9UT01PVE9QTCIsInMiOiIxNiIsInAiOiIxMCwtMTAiLCJhIjoiMCJ9XX0.-FV6SSBIq9Jrw_LBxUVbAJLfvk5sgxnkJ69FyCpbmmQ/image;s=320x240
Chevrolet Camaro,40 000 PLN,2011,146 000 km,3 600 cm3,Benzyna,https://ireland.apollo.olxcdn.com/v1/files/eyJmbiI6Imt2a2t4dmlpYnBzcjMtT1RPTU9UT1BMIiwidyI6W3siZm4iOiJ3ZzRnbnFwNnkxZi1PVE9NT1RPUEwiLCJzIjoiMTYiLCJwIjoiMTAsLTEwIiwiYSI6IjAifV19.MRsOKiRSetLtNM4FaZ8-C3kPwYsFO7gpgyHMi3hvolw/image;s=320x240
Chevrolet Camaro Coupe 6.2 V8,174 900 PLN,2019,12 500 km,6 162 cm3,Benzyna,https://ireland.apollo.olxcdn.com/v1/files/eyJmbiI6Inl5ajVzd3huNmI5My1PVE9NT1RPUEwiLCJ3IjpbeyJmbiI6IndnNGducXA2eTFmLU9UT01PVE9QTCIsInMiOiIxNiIsInAiOiIxMCwtMTAiLCJhIjoiMCJ9XX0.NLWzohsFOO5jyQi2hhJdMUAeOf9SsEmWhZxz5IvkG6A/image;s=320x240
Chevrolet Camaro Coupe 6.2 V8,193 000 PLN,2018,13 141 km,6 162 cm3,Benzyna,https://ireland.apollo.olxcdn.com/v1/files/eyJmbiI6IjF2am8yZnlsZ3MwdzEtT1RPTU9UT1BMIiwidyI6W3siZm4iOiJ3ZzRnbnFwNnkxZi1PVE9NT1RPUEwiLCJzIjoiMTYiLCJwIjoiMTAsLTEwIiwiYSI6IjAifV19.4doZDZmfM3cpyeZg8ELRgHrZpDPB6HdmAZ2SIok5THE/image;s=320x240
Chevrolet Camaro,239 000 PLN,1968,120 000 km,5 700 cm3,Benzyna,https://ireland.apollo.olxcdn.com/v1/files/eyJmbiI6ImtiNjJ1NDh1N2lxNy1PVE9NT1RPUEwiLCJ3IjpbeyJmbiI6IndnNGducXA2eTFmLU9UT01PVE9QTCIsInMiOiIxNiIsInAiOiIxMCwtMTAiLCJhIjoiMCJ9XX0.RYkgO4-0vOLjIC10mSnchqddV10nlglb8FlEzJzT37c/image;s=320x240
Chevrolet Camaro 3.6 V6 Coupe 1LS,67 000 PLN,2014,70 000 km,3 600 cm3,Benzyna,https://ireland.apollo.olxcdn.com/v1/files/eyJmbiI6ImRhaXV2dDkzMjM5NzItT1RPTU9UT1BMIiwidyI6W3siZm4iOiJ3ZzRnbnFwNnkxZi1PVE9NT1RPUEwiLCJzIjoiMTYiLCJwIjoiMTAsLTEwIiwiYSI6IjAifV19.fhLl1MYgQFTYECv47W94varojinto1_iotNv330v3S4/image;s=320x240
Chevrolet Camaro,99 850 PLN,2012,69 532 km,3 600 cm3,Benzyna,https://ireland.apollo.olxcdn.com/v1/files/eyJmbiI6InczNzJmM3dyb3FjdTMtT1RPTU9UT1BMIiwidyI6W3siZm4iOiJ3ZzRnbnFwNnkxZi1PVE9NT1RPUEwiLCJzIjoiMTYiLCJwIjoiMTAsLTEwIiwiYSI6IjAifV19.qfhVlmpWgoSDqoVHXFoNBgbS8R0tdeRJmOKNoKvYJXM/image;s=320x240
Chevrolet Camaro 3.6 V6 Coupe 2LT,121 000 PLN,2016,123 000 km,3 600 cm3,Benzyna,https://ireland.apollo.olxcdn.com/v1/files/eyJmbiI6Im9zMDEzNDdodWdlMzMtT1RPTU9UT1BMIiwidyI6W3siZm4iOiJ3ZzRnbnFwNnkxZi1PVE9NT1RPUEwiLCJzIjoiMTYiLCJwIjoiMTAsLTEwIiwiYSI6IjAifV19.SvrHATRV2wweWLkpvnYLKxTIuoBd_ed-BN-524lC0nY/image;s=320x240
Chevrolet Camaro,309 000 PLN,2017,20 000 km,6 162 cm3,Benzyna,https://ireland.apollo.olxcdn.com/v1/files/eyJmbiI6InkzNjFzZmk2cjY4Ni1PVE9NT1RPUEwiLCJ3IjpbeyJmbiI6IndnNGducXA2eTFmLU9UT01PVE9QTCIsInMiOiIxNiIsInAiOiIxMCwtMTAiLCJhIjoiMCJ9XX0.pb3JfVBIsnoOS8Lj_uKUhFoMmuCrZ9G0oKyFOxCAj74/image;s=320x240
Chevrolet Camaro,185 000 PLN,2016,53 000 km,6 162 cm3,Benzyna,https://ireland.apollo.olxcdn.com/v1/files/eyJmbiI6IjRlY3Fxejh6N3VtazItT1RPTU9UT1BMIiwidyI6W3siZm4iOiJ3ZzRnbnFwNnkxZi1PVE9NT1RPUEwiLCJzIjoiMTYiLCJwIjoiMTAsLTEwIiwiYSI6IjAifV19.h5m5BTsivcXt6ksVErhkZqwwX01nPc06jM_C2hIUV4A/image;s=320x240
Chevrolet Camaro 3.6 V6 Coupe 2LT,105 000 PLN,2017,161 000 km,3 600 cm3,Benzyna,https://ireland.apollo.olxcdn.com/v1/files/eyJmbiI6ImdyNHRiZmptaDFoZTEtT1RPTU9UT1BMIiwidyI6W3siZm4iOiJ3ZzRnbnFwNnkxZi1PVE9NT1RPUEwiLCJzIjoiMTYiLCJwIjoiMTAsLTEwIiwiYSI6IjAifV19.0WCLEdWTyQObyMGDYNFLRJUannWrR5G62TUcAeoTdf0/image;s=320x240
Chevrolet Camaro,89 999 PLN,1989,35 000 km,5 666 cm3,Benzyna,https://ireland.apollo.olxcdn.com/v1/files/eyJmbiI6Imx6ZW1icjhxMHlwZDEtT1RPTU9UT1BMIiwidyI6W3siZm4iOiJ3ZzRnbnFwNnkxZi1PVE9NT1RPUEwiLCJzIjoiMTYiLCJwIjoiMTAsLTEwIiwiYSI6IjAifV19.RFbRMboZsrwws6N0u2v4L4XqAYJG9hlYd76ALToW48Q/image;s=320x240
Chevrolet Camaro,34 000 PLN,2014,93 966 km,3 600 cm3,Benzyna,https://ireland.apollo.olxcdn.com/v1/files/eyJmbiI6ImszcTZwZnEwbjByaTMtT1RPTU9UT1BMIiwidyI6W3siZm4iOiJ3ZzRnbnFwNnkxZi1PVE9NT1RPUEwiLCJzIjoiMTYiLCJwIjoiMTAsLTEwIiwiYSI6IjAifV19.YCVzptgby0seeo3T2G7ELeNVcDbV9Cz2NVxQFirCyrY/image;s=644x461
Chevrolet Camaro,101 900 PLN,2015,79 020 km,6 162 cm3,Benzyna,https://ireland.apollo.olxcdn.com/v1/files/eyJmbiI6ImJqZGhza3d2OXRnMy1PVE9NT1RPUEwiLCJ3IjpbeyJmbiI6IndnNGducXA2eTFmLU9UT01PVE9QTCIsInMiOiIxNiIsInAiOiIxMCwtMTAiLCJhIjoiMCJ9XX0.N_ndUCgzFzKSy0w_QDK82b_cyCEGY72FXTrgtg3TlpM/image;s=320x240
Chevrolet Camaro 3.6 V6 Coupe 2LT,59 000 PLN,2017,48 703 km,3 600 cm3,Benzyna,https://ireland.apollo.olxcdn.com/v1/files/eyJmbiI6Inc1YTJsOHlhdzE0bjMtT1RPTU9UT1BMIiwidyI6W3siZm4iOiJ3ZzRnbnFwNnkxZi1PVE9NT1RPUEwiLCJzIjoiMTYiLCJwIjoiMTAsLTEwIiwiYSI6IjAifV19.2MIxUa7ZIXuVAMKqe-ay-DgByBDUUHM4zlWD02Ixj1U/image;s=644x461
Chevrolet Camaro 3.6 V6 Coupe 2LT,106 000 PLN,2016,100 500 km,3 600 cm3,Benzyna,https://ireland.apollo.olxcdn.com/v1/files/eyJmbiI6ImNocXVxY3FpMHViMzMtT1RPTU9UT1BMIiwidyI6W3siZm4iOiJ3ZzRnbnFwNnkxZi1PVE9NT1RPUEwiLCJzIjoiMTYiLCJwIjoiMTAsLTEwIiwiYSI6IjAifV19.x46vp8UMxVr477WBE0EiNb_K-xXmnsx5HGeIrS3-onw/image;s=320x240
Chevrolet Camaro,309 000 PLN,2017,23 854 km,6 162 cm3,Benzyna,https://ireland.apollo.olxcdn.com/v1/files/eyJmbiI6IjFoMDZ1OHpyb2ZvdTEtT1RPTU9UT1BMIiwidyI6W3siZm4iOiJ3ZzRnbnFwNnkxZi1PVE9NT1RPUEwiLCJzIjoiMTYiLCJwIjoiMTAsLTEwIiwiYSI6IjAifV19.fZPKtEWUjugVvhGtf2XJcC-J2pAFgxCTS3pirKOdtqo/image;s=320x240
Chevrolet Camaro Coupe 6.2 V8,229 900 PLN,2019,37 913 km,6 162 cm3,Benzyna,https://ireland.apollo.olxcdn.com/v1/files/eyJmbiI6ImJsNTdtNzljM2t5ci1PVE9NT1RPUEwiLCJ3IjpbeyJmbiI6IndnNGducXA2eTFmLU9UT01PVE9QTCIsInMiOiIxNiIsInAiOiIxMCwtMTAiLCJhIjoiMCJ9XX0.mSvD4eucj1QXAReymSaTvtgq13PPcDksxsjziUE188g/image;s=320x240
Chevrolet Camaro,184 000 PLN,2021,2 600 km,6 162 cm3,Benzyna,https://ireland.apollo.olxcdn.com/v1/files/eyJmbiI6Impwb2Vsamd1NHZzazEtT1RPTU9UT1BMIiwidyI6W3siZm4iOiJ3ZzRnbnFwNnkxZi1PVE9NT1RPUEwiLCJzIjoiMTYiLCJwIjoiMTAsLTEwIiwiYSI6IjAifV19.6pRRKSvHjm2k9kKkXBA3ipaLOXjTaSSTWAITFaAIBl8/image;s=320x240
Chevrolet Camaro Coupe 6.2 V8,84 000 PLN,2020,33 648 km,6 162 cm3,Benzyna,https://ireland.apollo.olxcdn.com/v1/files/eyJmbiI6ImRsN3Z3YnlrMXN6eC1PVE9NT1RPUEwiLCJ3IjpbeyJmbiI6IndnNGducXA2eTFmLU9UT01PVE9QTCIsInMiOiIxNiIsInAiOiIxMCwtMTAiLCJhIjoiMCJ9XX0.xPC4bi48-ju3dPb0d01PldmvUPg2hHVTOkm7WN1Z5G4/image;s=644x461
Chevrolet Camaro,89 999 PLN,2019,130 000 km,1 998 cm3,Benzyna,https://ireland.apollo.olxcdn.com/v1/files/eyJmbiI6IjB5b3oyNDEzOG5oeTEtT1RPTU9UT1BMIiwidyI6W3siZm4iOiJ3ZzRnbnFwNnkxZi1PVE9NT1RPUEwiLCJzIjoiMTYiLCJwIjoiMTAsLTEwIiwiYSI6IjAifV19.dCQJXvQxzk5w_3w4FGZvGjbVkmk7PLmmgbVWGHGofGQ/image;s=320x240
Chevrolet Camaro,50 000 PLN,2017,153 458 km,3 600 cm3,Benzyna,https://ireland.apollo.olxcdn.com/v1/files/eyJmbiI6IjRiam50NDN1a214cy1PVE9NT1RPUEwiLCJ3IjpbeyJmbiI6IndnNGducXA2eTFmLU9UT01PVE9QTCIsInMiOiIxNiIsInAiOiIxMCwtMTAiLCJhIjoiMCJ9XX0.w4ItNL65RHNrSLZHiaYYE6cV8OARnRHY8nohTFY25Zo/image;s=320x240
Chevrolet Camaro,134 900 PLN,2020,32 000 km,3 600 cm3,Benzyna,https://ireland.apollo.olxcdn.com/v1/files/eyJmbiI6ImJweXdqY2U5cXpnNi1PVE9NT1RPUEwiLCJ3IjpbeyJmbiI6IndnNGducXA2eTFmLU9UT01PVE9QTCIsInMiOiIxNiIsInAiOiIxMCwtMTAiLCJhIjoiMCJ9XX0.d9BoygFeq90sMKq2yxIHeQSHo09-6nmZT7paPiXfC5c/image;s=320x240
Chevrolet Camaro,129 000 PLN,2021,12 459 km,6 200 cm3,Benzyna,https://ireland.apollo.olxcdn.com/v1/files/eyJmbiI6IjAwZWgwNHY2a2I3MzItT1RPTU9UT1BMIiwidyI6W3siZm4iOiJ3ZzRnbnFwNnkxZi1PVE9NT1RPUEwiLCJzIjoiMTYiLCJwIjoiMTAsLTEwIiwiYSI6IjAifV19.wR9dJm5iaxbNI4H6rPBnbKN0dmb_CEYwuQBDtd_jzoM/image;s=320x240
Chevrolet Camaro,149 900 PLN,2017,96 700 km,6 162 cm3,Benzyna,https://ireland.apollo.olxcdn.com/v1/files/eyJmbiI6ImVvM3hsN25iN3dkby1PVE9NT1RPUEwiLCJ3IjpbeyJmbiI6IndnNGducXA2eTFmLU9UT01PVE9QTCIsInMiOiIxNiIsInAiOiIxMCwtMTAiLCJhIjoiMCJ9XX0.hM7AlZAY0qOo-VDXVJFdORjUEm4zNONscUUgIgEHUMA/image;s=644x461
Chevrolet Camaro,335 000 PLN,2018,20 120 km,6 200 cm3,Benzyna,https://ireland.apollo.olxcdn.com/v1/files/eyJmbiI6ImZrdGF3bWV0dmp6YjItT1RPTU9UT1BMIiwidyI6W3siZm4iOiJ3ZzRnbnFwNnkxZi1PVE9NT1RPUEwiLCJzIjoiMTYiLCJwIjoiMTAsLTEwIiwiYSI6IjAifV19.qySj4wW5pLcd3ij50jKBcKhN2sF-xisSAn9PJjVUBuY/image;s=320x240
Chevrolet Camaro Coupe 6.2 V8,179 000 PLN,2019,42 000 km,6 162 cm3,Benzyna,https://ireland.apollo.olxcdn.com/v1/files/eyJmbiI6Ink1c3ZwamowejE4bDMtT1RPTU9UT1BMIiwidyI6W3siZm4iOiJ3ZzRnbnFwNnkxZi1PVE9NT1RPUEwiLCJzIjoiMTYiLCJwIjoiMTAsLTEwIiwiYSI6IjAifV19.fEiODHLpGCc-ww6nU4PRQ2zct2kujij1q5Uqh6rvXt4/image;s=320x240
Chevrolet Camaro Coupe 6.2 V8,95 999 PLN,2013,25 000 km,6 162 cm3,Benzyna,https://ireland.apollo.olxcdn.com/v1/files/eyJmbiI6InY3NmI1MGVnNDVjcC1PVE9NT1RPUEwiLCJ3IjpbeyJmbiI6IndnNGducXA2eTFmLU9UT01PVE9QTCIsInMiOiIxNiIsInAiOiIxMCwtMTAiLCJhIjoiMCJ9XX0.Nig4EQnaIOGACy0Yq8CMOEUyakBMUIwNVG8vzeAu-ec/image;s=320x240
Chevrolet Camaro,85 000 PLN,2022,33 434 km,6 162 cm3,Benzyna,https://ireland.apollo.olxcdn.com/v1/files/eyJmbiI6ImU5dml3NWhhYzhjcjEtT1RPTU9UT1BMIiwidyI6W3siZm4iOiJ3ZzRnbnFwNnkxZi1PVE9NT1RPUEwiLCJzIjoiMTYiLCJwIjoiMTAsLTEwIiwiYSI6IjAifV19.xEnq4gGaBlbWRR3PP9Wl5Mtm5PdTIMOt1LPtfnjygEA/image;s=644x461
Chevrolet Camaro,109 000 PLN,2022,25 187 km,2 000 cm3,Benzyna,https://ireland.apollo.olxcdn.com/v1/files/eyJmbiI6Im81bzNwbnB0NDJydjMtT1RPTU9UT1BMIiwidyI6W3siZm4iOiJ3ZzRnbnFwNnkxZi1PVE9NT1RPUEwiLCJzIjoiMTYiLCJwIjoiMTAsLTEwIiwiYSI6IjAifV19.jmVWnFzm-lXT7B7zr9qHWkPEKYQVirrxhk44dQVZ7VI/image;s=320x240
Chevrolet Camaro Coupe 6.2 V8,65 000 PLN,2016,95 735 km,6 162 cm3,Benzyna,https://ireland.apollo.olxcdn.com/v1/files/eyJmbiI6ImllZGp0ZnZqcXJ0aS1PVE9NT1RPUEwiLCJ3IjpbeyJmbiI6IndnNGducXA2eTFmLU9UT01PVE9QTCIsInMiOiIxNiIsInAiOiIxMCwtMTAiLCJhIjoiMCJ9XX0.WSfCcuxsB-vENLD_-qtb6k3tTzZSIjtTSv6jlK7KtGs/image;s=644x461
Chevrolet Camaro Coupe 6.2 V8,34 000 PLN,2011,48 784 km,6 162 cm3,Benzyna,https://ireland.apollo.olxcdn.com/v1/files/eyJmbiI6IjN3aDg5bWx4cnR5di1PVE9NT1RPUEwiLCJ3IjpbeyJmbiI6IndnNGducXA2eTFmLU9UT01PVE9QTCIsInMiOiIxNiIsInAiOiIxMCwtMTAiLCJhIjoiMCJ9XX0.bUTcY1l1173UL75DblNRrMDYPNdLJUq0NdKqWPjtOs8/image;s=644x461
Chevrolet Camaro,59 000 PLN,2011,113 300 km,3 600 cm3,Benzyna,https://ireland.apollo.olxcdn.com/v1/files/eyJmbiI6ImVpcnd2MzIzZ2s3MzEtT1RPTU9UT1BMIiwidyI6W3siZm4iOiJ3ZzRnbnFwNnkxZi1PVE9NT1RPUEwiLCJzIjoiMTYiLCJwIjoiMTAsLTEwIiwiYSI6IjAifV19.ZuNzpGti5zaKGABHuyBfU1r8AqJkbxtdCRDfJs5L3-k/image;s=320x240
Chevrolet Camaro,149 000 PLN,2019,25 654 km,6 200 cm3,Benzyna,https://ireland.apollo.olxcdn.com/v1/files/eyJmbiI6InU0ODVsdXZrcmMyOTMtT1RPTU9UT1BMIiwidyI6W3siZm4iOiJ3ZzRnbnFwNnkxZi1PVE9NT1RPUEwiLCJzIjoiMTYiLCJwIjoiMTAsLTEwIiwiYSI6IjAifV19.CR884QTx7ZTe_SSD15n0_35nY6oNdthaA3-Q0qea7bU/image;s=320x240
Chevrolet Camaro,123 900 PLN,2017,62 500 km,3 600 cm3,Benzyna,https://ireland.apollo.olxcdn.com/v1/files/eyJmbiI6InlsYW5raGxzeGVhMy1PVE9NT1RPUEwiLCJ3IjpbeyJmbiI6IndnNGducXA2eTFmLU9UT01PVE9QTCIsInMiOiIxNiIsInAiOiIxMCwtMTAiLCJhIjoiMCJ9XX0.UX3Pw2sQFlWvXmL-sA8MawTneY_GTtByhuG4JSIxT_A/image;s=320x240
Chevrolet Camaro Coupe 6.2 V8,168 000 PLN,2018,52 567 km,6 162 cm3,Benzyna,https://ireland.apollo.olxcdn.com/v1/files/eyJmbiI6IjloODJtYW02NmdvYy1PVE9NT1RPUEwiLCJ3IjpbeyJmbiI6IndnNGducXA2eTFmLU9UT01PVE9QTCIsInMiOiIxNiIsInAiOiIxMCwtMTAiLCJhIjoiMCJ9XX0.lCuB55ZdwvQZV_OFTBUz5TRj7k02OXfFd6_YTRPFWkE/image;s=320x240
Chevrolet Camaro 6.2 V8 Coupe,109 000 PLN,2015,74 000 km,6 162 cm3,Benzyna,https://ireland.apollo.olxcdn.com/v1/files/eyJmbiI6IjdoeG5vdDk3NGlqdy1PVE9NT1RPUEwiLCJ3IjpbeyJmbiI6IndnNGducXA2eTFmLU9UT01PVE9QTCIsInMiOiIxNiIsInAiOiIxMCwtMTAiLCJhIjoiMCJ9XX0.a2pZcj91PrbygoJq-Jz9xPWvS0hPSnnt5XB9lTDOZHI/image;s=320x240
Chevrolet Camaro,329 000 PLN,2017,25 000 km,6 162 cm3,Benzyna,https://ireland.apollo.olxcdn.com/v1/files/eyJmbiI6InYzbWJkdjJna3hzNDEtT1RPTU9UT1BMIiwidyI6W3siZm4iOiJ3ZzRnbnFwNnkxZi1PVE9NT1RPUEwiLCJzIjoiMTYiLCJwIjoiMTAsLTEwIiwiYSI6IjAifV19.s21NOnck0uuWH9tvTV_MOZtsAlUH_pzslnn7cg857ww/image;s=320x240
Chevrolet Camaro,329 000 PLN,2018,11 000 km,6 162 cm3,Benzyna,https://ireland.apollo.olxcdn.com/v1/files/eyJmbiI6InhvbGxnZDl5bWg3azMtT1RPTU9UT1BMIiwidyI6W3siZm4iOiJ3ZzRnbnFwNnkxZi1PVE9NT1RPUEwiLCJzIjoiMTYiLCJwIjoiMTAsLTEwIiwiYSI6IjAifV19.mepgnWPh9fIEsPvkIDssHBsnfq38AYP6BgZ51ASX46I/image;s=320x240
Chevrolet Camaro 3.6 V6 1LT,79 990 PLN,2014,160 000 km,3 600 cm3,Benzyna,https://ireland.apollo.olxcdn.com/v1/files/eyJmbiI6ImMxczc0YjRlN2p6NzEtT1RPTU9UT1BMIiwidyI6W3siZm4iOiJ3ZzRnbnFwNnkxZi1PVE9NT1RPUEwiLCJzIjoiMTYiLCJwIjoiMTAsLTEwIiwiYSI6IjAifV19.3SqiyT7BJ50ZH8UVl8oRmffuYNDyVORSeIrR61r0JD0/image;s=320x240
Chevrolet Camaro,95 000 PLN,2016,190 000 km,3 600 cm3,Benzyna,https://ireland.apollo.olxcdn.com/v1/files/eyJmbiI6ImJ1djRpcHljbHU4NjItT1RPTU9UT1BMIiwidyI6W3siZm4iOiJ3ZzRnbnFwNnkxZi1PVE9NT1RPUEwiLCJzIjoiMTYiLCJwIjoiMTAsLTEwIiwiYSI6IjAifV19.NDemECihawlWX7CPJMHASOhKTf8YyMGr-ApJLvtuZ54/image;s=320x240
Chevrolet Camaro,130 000 PLN,2019,112 000 km,3 600 cm3,Benzyna,https://ireland.apollo.olxcdn.com/v1/files/eyJmbiI6IjdkYW9mYnZlMzBmbC1PVE9NT1RPUEwiLCJ3IjpbeyJmbiI6IndnNGducXA2eTFmLU9UT01PVE9QTCIsInMiOiIxNiIsInAiOiIxMCwtMTAiLCJhIjoiMCJ9XX0.b4IjBI9GhngThutaC6idM9sfSQEIseRpQ-Qjzzt55dk/image;s=320x240
Chevrolet Camaro,289 900 PLN,2016,45 000 km,6 102 cm3,Benzyna,https://ireland.apollo.olxcdn.com/v1/files/eyJmbiI6InNia2Q1dzRrZ3dubi1PVE9NT1RPUEwiLCJ3IjpbeyJmbiI6IndnNGducXA2eTFmLU9UT01PVE9QTCIsInMiOiIxNiIsInAiOiIxMCwtMTAiLCJhIjoiMCJ9XX0.zO4scVdWwc6HxcwD-POFoR7QTnILJ9SLtQzFmKcoL70/image;s=320x240
Chevrolet Camaro,65 000 PLN,1973,86 800 km,5 000 cm3,Benzyna+LPG,https://ireland.apollo.olxcdn.com/v1/files/eyJmbiI6InR4ZmtxazI2eDUyOTEtT1RPTU9UT1BMIiwidyI6W3siZm4iOiJ3ZzRnbnFwNnkxZi1PVE9NT1RPUEwiLCJzIjoiMTYiLCJwIjoiMTAsLTEwIiwiYSI6IjAifV19.Xy8GTr7pLVTih7HP31c0ZVR2od4W53-5OLWaoHdmslU/image;s=320x240
Chevrolet Camaro 3.6 V6 Coupe 1LS,69 800 PLN,2013,110 000 km,3 640 cm3,Benzyna,https://ireland.apollo.olxcdn.com/v1/files/eyJmbiI6Im12b2d3Zmt3ejh2ai1PVE9NT1RPUEwiLCJ3IjpbeyJmbiI6IndnNGducXA2eTFmLU9UT01PVE9QTCIsInMiOiIxNiIsInAiOiIxMCwtMTAiLCJhIjoiMCJ9XX0.plhlAmzcumNoB9QLUqgFJvqwgKnu_hfXz96tfcZS1cA/image;s=320x240
Chevrolet Camaro 3.8 RS Convertible,29 000 PLN,1994,214 000 km,3 822 cm3,Benzyna,https://ireland.apollo.olxcdn.com/v1/files/eyJmbiI6InU4ZHllZGx3NGoydjMtT1RPTU9UT1BMIiwidyI6W3siZm4iOiJ3ZzRnbnFwNnkxZi1PVE9NT1RPUEwiLCJzIjoiMTYiLCJwIjoiMTAsLTEwIiwiYSI6IjAifV19.2nntftGfCctmPYBGSnSE_6xLEh07BL-7r3Wa-IJAnYA/image;s=320x240
Chevrolet Camaro,77 000 PLN,2011,49 600 km,6 162 cm3,Benzyna,https://ireland.apollo.olxcdn.com/v1/files/eyJmbiI6Im02ajJiNW9zMXVtejItT1RPTU9UT1BMIiwidyI6W3siZm4iOiJ3ZzRnbnFwNnkxZi1PVE9NT1RPUEwiLCJzIjoiMTYiLCJwIjoiMTAsLTEwIiwiYSI6IjAifV19.qoM2eVLA8cCpfLn1PDlyvOUC15CovB63PctjqBLPpbc/image;s=320x240
Chevrolet Camaro Coupe 6.2 V8,137 500 PLN,2016,137 000 km,6 162 cm3,Benzyna,https://ireland.apollo.olxcdn.com/v1/files/eyJmbiI6IjF0Y3hkcmVlcWlxcDMtT1RPTU9UT1BMIiwidyI6W3siZm4iOiJ3ZzRnbnFwNnkxZi1PVE9NT1RPUEwiLCJzIjoiMTYiLCJwIjoiMTAsLTEwIiwiYSI6IjAifV19.0rOvlpktSNQTigAh_hMK3Ggjd4vzIgWQwYEwUNMaAe0/image;s=320x240
Chevrolet Camaro 3.6 V6 Coupe 2LT,85 000 PLN,2014,77 500 km,3 600 cm3,Benzyna,https://ireland.apollo.olxcdn.com/v1/files/eyJmbiI6IjNubGYxNDBkcTRrZzEtT1RPTU9UT1BMIiwidyI6W3siZm4iOiJ3ZzRnbnFwNnkxZi1PVE9NT1RPUEwiLCJzIjoiMTYiLCJwIjoiMTAsLTEwIiwiYSI6IjAifV19.E-Mf9e2W07VKrFwtHTEnhZx_-GHrMmOUPfNVRDLf30Q/image;s=320x240
Chevrolet Camaro,60 000 PLN,2018,153 643 km,6 162 cm3,Benzyna,https://ireland.apollo.olxcdn.com/v1/files/eyJmbiI6IjFnZXZseG4zM3Fldi1PVE9NT1RPUEwiLCJ3IjpbeyJmbiI6IndnNGducXA2eTFmLU9UT01PVE9QTCIsInMiOiIxNiIsInAiOiIxMCwtMTAiLCJhIjoiMCJ9XX0.HoKuWOCDa3RczkuHZXaGegoOKBmtcFOzMQCDqn09ntc/image;s=644x461
Chevrolet Camaro 6.2 V8 Coupe,145 000 PLN,2012,23 600 km,6 162 cm3,Benzyna,https://ireland.apollo.olxcdn.com/v1/files/eyJmbiI6InRxbW93NHY2b3dscTEtT1RPTU9UT1BMIiwidyI6W3siZm4iOiJ3ZzRnbnFwNnkxZi1PVE9NT1RPUEwiLCJzIjoiMTYiLCJwIjoiMTAsLTEwIiwiYSI6IjAifV19.xkv7RI93tkprsmJK7bmwOrxbuNmA_uLGqlIGgxEXaeY/image;s=320x240
Chevrolet Camaro 3.6 V6 Coupe 2LT,93 000 PLN,2016,186 500 km,3 600 cm3,Benzyna,https://ireland.apollo.olxcdn.com/v1/files/eyJmbiI6InczN3M2OHg2M3loczMtT1RPTU9UT1BMIiwidyI6W3siZm4iOiJ3ZzRnbnFwNnkxZi1PVE9NT1RPUEwiLCJzIjoiMTYiLCJwIjoiMTAsLTEwIiwiYSI6IjAifV19.P5IHwqDsdfcSj2DsH4ZvY0yLSq8cjG1U-5uvXdtnN_I/image;s=320x240
Chevrolet Camaro,60 500 PLN,2013,118 500 km,3 600 cm3,Benzyna,https://ireland.apollo.olxcdn.com/v1/files/eyJmbiI6ImJxOWl6aDUyNGQxNTItT1RPTU9UT1BMIiwidyI6W3siZm4iOiJ3ZzRnbnFwNnkxZi1PVE9NT1RPUEwiLCJzIjoiMTYiLCJwIjoiMTAsLTEwIiwiYSI6IjAifV19.hPDzsxgMm2wnQaXK_qUULPD7WgmMeOn3NBtnsUWNYZY/image;s=320x240
Chevrolet Camaro 3.6 V6 1LT,65 000 PLN,2012,160 452 km,3 600 cm3,Benzyna,https://ireland.apollo.olxcdn.com/v1/files/eyJmbiI6InNiamdjaDdscTlnYzEtT1RPTU9UT1BMIiwidyI6W3siZm4iOiJ3ZzRnbnFwNnkxZi1PVE9NT1RPUEwiLCJzIjoiMTYiLCJwIjoiMTAsLTEwIiwiYSI6IjAifV19.MNC_zen-Wv_1OdIdrGwff8vxTpBRhOoAxLGZu2mv6_k/image;s=320x240
Chevrolet Camaro Coupe 6.2 V8,187 900 PLN,2019,49 700 km,6 162 cm3,Benzyna,https://ireland.apollo.olxcdn.com/v1/files/eyJmbiI6InNncjB4anZmMHNldDEtT1RPTU9UT1BMIiwidyI6W3siZm4iOiJ3ZzRnbnFwNnkxZi1PVE9NT1RPUEwiLCJzIjoiMTYiLCJwIjoiMTAsLTEwIiwiYSI6IjAifV19.KT4a81V1xOosIjTdKCO8o5QMcIy9WyO93vOHw-LCXAo/image;s=320x240
Chevrolet Camaro Coupe 6.2 V8,202 000 PLN,2019,21 500 km,6 162 cm3,Benzyna,https://ireland.apollo.olxcdn.com/v1/files/eyJmbiI6IjJjdHdqZGc2Mmk0cjItT1RPTU9UT1BMIiwidyI6W3siZm4iOiJ3ZzRnbnFwNnkxZi1PVE9NT1RPUEwiLCJzIjoiMTYiLCJwIjoiMTAsLTEwIiwiYSI6IjAifV19.dKhyhW5RfHA4ZTT_GOyK5VJRJ-HuT9RMaAYx6gUW6dM/image;s=320x240
Chevrolet Camaro,22 900 PLN,1997,230 000 km,3 822 cm3,Benzyna,https://ireland.apollo.olxcdn.com/v1/files/eyJmbiI6InNqbzE5djNubnRyNDMtT1RPTU9UT1BMIiwidyI6W3siZm4iOiJ3ZzRnbnFwNnkxZi1PVE9NT1RPUEwiLCJzIjoiMTYiLCJwIjoiMTAsLTEwIiwiYSI6IjAifV19.Xd7PJv0t6ffQjVnw3pFSGMaf3DMVt_rsnk-xhFFztak/image;s=320x240
Chevrolet Camaro Coupe 2.0,165 000 PLN,2021,7 680 km,1 998 cm3,Benzyna,https://ireland.apollo.olxcdn.com/v1/files/eyJmbiI6IjVvbmM0czc0aDg5ajMtT1RPTU9UT1BMIiwidyI6W3siZm4iOiJ3ZzRnbnFwNnkxZi1PVE9NT1RPUEwiLCJzIjoiMTYiLCJwIjoiMTAsLTEwIiwiYSI6IjAifV19._6UVQmZTHAEBPZD2PgHm73yD-x6OCoQ5raEfCW1p57k/image;s=320x240
Chevrolet Camaro,299 900 PLN,2018,44 834 km,6 162 cm3,Benzyna,https://ireland.apollo.olxcdn.com/v1/files/eyJmbiI6Im1kdW80MWNlZWx6YjMtT1RPTU9UT1BMIiwidyI6W3siZm4iOiJ3ZzRnbnFwNnkxZi1PVE9NT1RPUEwiLCJzIjoiMTYiLCJwIjoiMTAsLTEwIiwiYSI6IjAifV19.QxzpuWza5NAqkdg4KeOAYYpxEj23_lT-41tl_ve1LI0/image;s=320x240
Chevrolet Camaro,119 900 PLN,1973,142 539 km,5 700 cm3,Benzyna,https://ireland.apollo.olxcdn.com/v1/files/eyJmbiI6IjdwamgzZWI4dGQ0NzEtT1RPTU9UT1BMIiwidyI6W3siZm4iOiJ3ZzRnbnFwNnkxZi1PVE9NT1RPUEwiLCJzIjoiMTYiLCJwIjoiMTAsLTEwIiwiYSI6IjAifV19.9MqmdAo_he4Z1zKndDf5pbB_0npNJK7B6TQrStO6KT4/image;s=320x240
Chevrolet Camaro,179 900 PLN,2018,55 182 km,3 640 cm3,Benzyna,https://ireland.apollo.olxcdn.com/v1/files/eyJmbiI6Ijl2anBrM3A2cml2djEtT1RPTU9UT1BMIiwidyI6W3siZm4iOiJ3ZzRnbnFwNnkxZi1PVE9NT1RPUEwiLCJzIjoiMTYiLCJwIjoiMTAsLTEwIiwiYSI6IjAifV19.YDBzIQGbAUJkmFMrFQ0W0xpSAZx0SHvdsVxrLJ4Ttts/image;s=320x240
Chevrolet Camaro 3.6 V6 Coupe 1LS,89 000 PLN,2015,139 000 km,3 600 cm3,Benzyna,https://ireland.apollo.olxcdn.com/v1/files/eyJmbiI6ImJrMmJpMWs0YnJmZzEtT1RPTU9UT1BMIiwidyI6W3siZm4iOiJ3ZzRnbnFwNnkxZi1PVE9NT1RPUEwiLCJzIjoiMTYiLCJwIjoiMTAsLTEwIiwiYSI6IjAifV19.s0SsmeUamxxPUNS4-aJCMuSw57LZWM9gZRxO3VC57T4/image;s=320x240
Chevrolet Camaro 6.2 V8 Convertible,130 000 PLN,2012,107 919 km,6 162 cm3,Benzyna,https://ireland.apollo.olxcdn.com/v1/files/eyJmbiI6Ijl1aGJ3ZG1kOHBmNi1PVE9NT1RPUEwiLCJ3IjpbeyJmbiI6IndnNGducXA2eTFmLU9UT01PVE9QTCIsInMiOiIxNiIsInAiOiIxMCwtMTAiLCJhIjoiMCJ9XX0.McqmxYJ72XHw-XQysbyAvJWx_5o39IzzQ60G0C-iWeI/image;s=320x240
Chevrolet Camaro,58 000 PLN,1989,172 000 km,5 002 cm3,Benzyna,https://ireland.apollo.olxcdn.com/v1/files/eyJmbiI6IjM3aDU5ajd4bWx5cy1PVE9NT1RPUEwiLCJ3IjpbeyJmbiI6IndnNGducXA2eTFmLU9UT01PVE9QTCIsInMiOiIxNiIsInAiOiIxMCwtMTAiLCJhIjoiMCJ9XX0.zw1yBV6EvNpv4RPbbXUlWwTDdlV8UV_q7qr3YnubEkc/image;s=320x240
Chevrolet Camaro,53 000 PLN,1971,60 000 km,5 700 cm3,Benzyna,https://ireland.apollo.olxcdn.com/v1/files/eyJmbiI6ImwwemU4aGU0NDBlYzEtT1RPTU9UT1BMIiwidyI6W3siZm4iOiJ3ZzRnbnFwNnkxZi1PVE9NT1RPUEwiLCJzIjoiMTYiLCJwIjoiMTAsLTEwIiwiYSI6IjAifV19.Vjk20hvfw5CtvlJe5daC2oq8B1xv4KLZDyV9yn07nhI/image;s=320x240
Chevrolet Camaro 3.6 V6 Coupe 1LS,27 900 PLN,2012,256 690 km,3 600 cm3,Benzyna,https://ireland.apollo.olxcdn.com/v1/files/eyJmbiI6Im96NnBvc3dnMjluOTItT1RPTU9UT1BMIiwidyI6W3siZm4iOiJ3ZzRnbnFwNnkxZi1PVE9NT1RPUEwiLCJzIjoiMTYiLCJwIjoiMTAsLTEwIiwiYSI6IjAifV19.nyW_IPgHvRqbM1XIOWg6V1agxRftiKyeq31k7iDYtlg/image;s=320x240
Chevrolet Camaro,62 900 PLN,1980,73 035 km,5 000 cm3,Benzyna,https://ireland.apollo.olxcdn.com/v1/files/eyJmbiI6ImpldHdoa3k3YzFxdzEtT1RPTU9UT1BMIiwidyI6W3siZm4iOiJ3ZzRnbnFwNnkxZi1PVE9NT1RPUEwiLCJzIjoiMTYiLCJwIjoiMTAsLTEwIiwiYSI6IjAifV19.wNxxHff7iL0Ci2bjbPJVhIkI76RNbkPRgC7S2yizvIo/image;s=320x240
Chevrolet Camaro,139 000 PLN,2019,23 870 km,3 600 cm3,Benzyna,https://ireland.apollo.olxcdn.com/v1/files/eyJmbiI6IjBoYmdiNmZ3cXU5eTItT1RPTU9UT1BMIiwidyI6W3siZm4iOiJ3ZzRnbnFwNnkxZi1PVE9NT1RPUEwiLCJzIjoiMTYiLCJwIjoiMTAsLTEwIiwiYSI6IjAifV19.z8T0EkHwCOoF2P-TtKEkUkCDsqpABw1qcGysFgvxe6w/image;s=320x240
Chevrolet Camaro,245 000 PLN,1972,2 300 km,7 556 cm3,Benzyna,https://ireland.apollo.olxcdn.com/v1/files/eyJmbiI6ImdiZ2RxZWxqM3QzZDEtT1RPTU9UT1BMIiwidyI6W3siZm4iOiJ3ZzRnbnFwNnkxZi1PVE9NT1RPUEwiLCJzIjoiMTYiLCJwIjoiMTAsLTEwIiwiYSI6IjAifV19.39q1NUm1BmIBcpWBWtQL3W2Yhqp1hNE2jvpJP7_8j-0/image;s=320x240
Chevrolet Camaro Coupe 6.2 V8,159 000 PLN,2018,42 000 km,6 162 cm3,Benzyna,https://ireland.apollo.olxcdn.com/v1/files/eyJmbiI6Ijc0ZGIxcmVmZ24yNTItT1RPTU9UT1BMIiwidyI6W3siZm4iOiJ3ZzRnbnFwNnkxZi1PVE9NT1RPUEwiLCJzIjoiMTYiLCJwIjoiMTAsLTEwIiwiYSI6IjAifV19._raPlBsT5aNsLXV72IrxOUXi8pHosGJ_6QzroqF_35k/image;s=320x240
Chevrolet Camaro Coupe 6.2 V8,146 000 PLN,2018,120 000 km,6 162 cm3,Benzyna,https://ireland.apollo.olxcdn.com/v1/files/eyJmbiI6Im1pemxubTFvazlvMzMtT1RPTU9UT1BMIiwidyI6W3siZm4iOiJ3ZzRnbnFwNnkxZi1PVE9NT1RPUEwiLCJzIjoiMTYiLCJwIjoiMTAsLTEwIiwiYSI6IjAifV19.7-BN_-UmuByJrTWQTwhT6pHX2Wtnl9ogDlaiWphv4Y4/image;s=320x240
Chevrolet Camaro,62 900 PLN,2012,168 000 km,3 600 cm3,Benzyna,https://ireland.apollo.olxcdn.com/v1/files/eyJmbiI6Imx1bzIwOGszYzRiMi1PVE9NT1RPUEwiLCJ3IjpbeyJmbiI6IndnNGducXA2eTFmLU9UT01PVE9QTCIsInMiOiIxNiIsInAiOiIxMCwtMTAiLCJhIjoiMCJ9XX0.VO4fx7_X_vE7DYJmFhGPuD3ujpZrPVd3-TeY4LBwqcM/image;s=320x240
Chevrolet Camaro,225 000 PLN,1972,61 000 km,5 700 cm3,Benzyna,https://ireland.apollo.olxcdn.com/v1/files/eyJmbiI6Ijd5MXhwYWlpMnY0ZTMtT1RPTU9UT1BMIiwidyI6W3siZm4iOiJ3ZzRnbnFwNnkxZi1PVE9NT1RPUEwiLCJzIjoiMTYiLCJwIjoiMTAsLTEwIiwiYSI6IjAifV19.H9tueeBX7lE-fjfbZ2IPiQLOyt-H8r5OHUUWLeCzD0o/image;s=320x240
Chevrolet Camaro,117 000 PLN,2019,60 000 km,1 998 cm3,Benzyna,https://ireland.apollo.olxcdn.com/v1/files/eyJmbiI6Im5oNWEwZHFyaWh1My1PVE9NT1RPUEwiLCJ3IjpbeyJmbiI6IndnNGducXA2eTFmLU9UT01PVE9QTCIsInMiOiIxNiIsInAiOiIxMCwtMTAiLCJhIjoiMCJ9XX0.AaYLGTLzoUslg587ItUVoOTX4J4kfFFwK2cIg3J1Ho8/image;s=320x240
Chevrolet Camaro 3.6 V6 Coupe 2LT,29 000 PLN,2011,108 500 km,3 600 cm3,Benzyna,https://ireland.apollo.olxcdn.com/v1/files/eyJmbiI6ImRyYXlnMzd5bnFxaS1PVE9NT1RPUEwiLCJ3IjpbeyJmbiI6IndnNGducXA2eTFmLU9UT01PVE9QTCIsInMiOiIxNiIsInAiOiIxMCwtMTAiLCJhIjoiMCJ9XX0.l0iHmIXw9i0Gkh2e9LuxmUqvuZNso441wAlMwt_u3X4/image;s=644x461
Chevrolet Camaro,273 700 PLN,2019,25 000 km,6 162 cm3,Benzyna,https://ireland.apollo.olxcdn.com/v1/files/eyJmbiI6IjhubzRqYzR1emFkdC1PVE9NT1RPUEwiLCJ3IjpbeyJmbiI6IndnNGducXA2eTFmLU9UT01PVE9QTCIsInMiOiIxNiIsInAiOiIxMCwtMTAiLCJhIjoiMCJ9XX0.ElR9jtq-W2nenArRizTgenVXWOw2NET8Upln0Hp3jZ4/image;s=320x240
Chevrolet Camaro Coupe 6.2 V8,209 000 PLN,2021,72 000 km,6 162 cm3,Benzyna,https://ireland.apollo.olxcdn.com/v1/files/eyJmbiI6InB1bjR3Z2s0MGs5OTMtT1RPTU9UT1BMIiwidyI6W3siZm4iOiJ3ZzRnbnFwNnkxZi1PVE9NT1RPUEwiLCJzIjoiMTYiLCJwIjoiMTAsLTEwIiwiYSI6IjAifV19.VgTXV-Sn8PRHB7tnOc0QsdrbhuI-j0blnUUb_RSnLRA/image;s=320x240
Chevrolet Camaro,89 999 PLN,2017,135 000 km,3 600 cm3,Benzyna,https://ireland.apollo.olxcdn.com/v1/files/eyJmbiI6IjA0bGl4cWwxNHZyZC1PVE9NT1RPUEwiLCJ3IjpbeyJmbiI6IndnNGducXA2eTFmLU9UT01PVE9QTCIsInMiOiIxNiIsInAiOiIxMCwtMTAiLCJhIjoiMCJ9XX0.zEKHHeg-a82xgXNyipBRW9Op-IjaIP2WAbKmed-lM2k/image;s=320x240
Chevrolet Camaro,165 000 PLN,2017,58 700 km,6 162 cm3,Benzyna,https://ireland.apollo.olxcdn.com/v1/files/eyJmbiI6IjFqZGRjMDdmcWw3MjMtT1RPTU9UT1BMIiwidyI6W3siZm4iOiJ3ZzRnbnFwNnkxZi1PVE9NT1RPUEwiLCJzIjoiMTYiLCJwIjoiMTAsLTEwIiwiYSI6IjAifV19.IJJP9Sog0ormlEQZU2xbP0dcdqMfTjiZmMbN5xjJmB8/image;s=320x240
Chevrolet Camaro,37 900 PLN,2014,110 712 km,3 600 cm3,Benzyna,https://ireland.apollo.olxcdn.com/v1/files/eyJmbiI6IndiYzFweTFyMTV5My1PVE9NT1RPUEwiLCJ3IjpbeyJmbiI6IndnNGducXA2eTFmLU9UT01PVE9QTCIsInMiOiIxNiIsInAiOiIxMCwtMTAiLCJhIjoiMCJ9XX0.6Pux1-uUFFIPwQv2rkCTN2qMhCOziXkGCnlmu7aX1gc/image;s=644x461
Chevrolet Camaro,119 000 PLN,2014,98 790 km,6 162 cm3,Benzyna,https://ireland.apollo.olxcdn.com/v1/files/eyJmbiI6IjZ1ZDZsMWRnNmJ1dy1PVE9NT1RPUEwiLCJ3IjpbeyJmbiI6IndnNGducXA2eTFmLU9UT01PVE9QTCIsInMiOiIxNiIsInAiOiIxMCwtMTAiLCJhIjoiMCJ9XX0.P9Ogmy3pDmKMOEMegWQkIi8393LkCGZda4enkH8fD4s/image;s=320x240
Chevrolet Camaro,94 300 PLN,2018,90 417 km,1 998 cm3,Benzyna,https://ireland.apollo.olxcdn.com/v1/files/eyJmbiI6IjE1eTJkYWkyMjJ1bjItT1RPTU9UT1BMIiwidyI6W3siZm4iOiJ3ZzRnbnFwNnkxZi1PVE9NT1RPUEwiLCJzIjoiMTYiLCJwIjoiMTAsLTEwIiwiYSI6IjAifV19.VkKBzPnbvgqSiHUCrIafsymU_XMw1SqptbfR2rLIMao/image;s=320x240
Chevrolet Camaro Coupe 6.2 V8,139 999 PLN,2016,82 450 km,6 162 cm3,Benzyna,https://ireland.apollo.olxcdn.com/v1/files/eyJmbiI6InUyanl2ZTNzMHFxZzItT1RPTU9UT1BMIiwidyI6W3siZm4iOiJ3ZzRnbnFwNnkxZi1PVE9NT1RPUEwiLCJzIjoiMTYiLCJwIjoiMTAsLTEwIiwiYSI6IjAifV19.ayu4Nlq5cs7oxYd74X9m9EK6sznZl_UiXQSQLzI6R3I/image;s=320x240
Chevrolet Camaro,99 000 PLN,2016,117 640 km,3 640 cm3,Benzyna,https://ireland.apollo.olxcdn.com/v1/files/eyJmbiI6InhvbnM1eGl1Zmx5ZzEtT1RPTU9UT1BMIiwidyI6W3siZm4iOiJ3ZzRnbnFwNnkxZi1PVE9NT1RPUEwiLCJzIjoiMTYiLCJwIjoiMTAsLTEwIiwiYSI6IjAifV19.tI4gwSUc3kK83P0R_Iuz7xBfr7kipWtS1TzRkH0g178/image;s=320x240
Chevrolet Camaro Coupe 6.2 V8,79 900 PLN,2020,54 699 km,6 162 cm3,Benzyna,https://ireland.apollo.olxcdn.com/v1/files/eyJmbiI6ImN3MWRzdXJqeGthMjItT1RPTU9UT1BMIiwidyI6W3siZm4iOiJ3ZzRnbnFwNnkxZi1PVE9NT1RPUEwiLCJzIjoiMTYiLCJwIjoiMTAsLTEwIiwiYSI6IjAifV19.SvoDK_ynZ0l903BRXMH7rx6JTYFaXeDp2u1maw_wFrM/image;s=644x461
Chevrolet Camaro,114 700 PLN,2023,6 108 km,6 200 cm3,Benzyna,https://ireland.apollo.olxcdn.com/v1/files/eyJmbiI6IjZsNTNscTU1cnpjNTMtT1RPTU9UT1BMIiwidyI6W3siZm4iOiJ3ZzRnbnFwNnkxZi1PVE9NT1RPUEwiLCJzIjoiMTYiLCJwIjoiMTAsLTEwIiwiYSI6IjAifV19.ilahjlnfOwFHxKegCXp7S2BAwEHVhlGwszFOiXJ_z3c/image;s=320x240
Chevrolet Camaro,79 000 PLN,2014,164 000 km,3 600 cm3,Benzyna,https://ireland.apollo.olxcdn.com/v1/files/eyJmbiI6IjA4MXM5MWR1N3F4OS1PVE9NT1RPUEwiLCJ3IjpbeyJmbiI6IndnNGducXA2eTFmLU9UT01PVE9QTCIsInMiOiIxNiIsInAiOiIxMCwtMTAiLCJhIjoiMCJ9XX0.fPsh3YhSovyt5WEiuAOE2MFHx1k1QS6Jab-QYsu4dBs/image;s=320x240
Chevrolet Camaro,149 000 PLN,2002,129 200 km,5 666 cm3,Benzyna,https://ireland.apollo.olxcdn.com/v1/files/eyJmbiI6ImNvcGI5cW51eDk4dDItT1RPTU9UT1BMIiwidyI6W3siZm4iOiJ3ZzRnbnFwNnkxZi1PVE9NT1RPUEwiLCJzIjoiMTYiLCJwIjoiMTAsLTEwIiwiYSI6IjAifV19.83GRShEHNI2hVCu0xwaN45ZSIiEXQLxmVkGNU8MBuC4/image;s=320x240
Chevrolet Camaro,99 000 PLN,2018,88 633 km,6 200 cm3,Benzyna,https://ireland.apollo.olxcdn.com/v1/files/eyJmbiI6Im5zMTBzNmV4bjhpOTEtT1RPTU9UT1BMIiwidyI6W3siZm4iOiJ3ZzRnbnFwNnkxZi1PVE9NT1RPUEwiLCJzIjoiMTYiLCJwIjoiMTAsLTEwIiwiYSI6IjAifV19.TXLeDMGkWpXi0viWL3-2MCKhS71sDTpyCLmgX3wzl5U/image;s=320x240
Chevrolet Camaro,329 000 PLN,2018,69 000 km,6 162 cm3,Benzyna,https://ireland.apollo.olxcdn.com/v1/files/eyJmbiI6IjB6OWZ3NDhwM3Vqei1PVE9NT1RPUEwiLCJ3IjpbeyJmbiI6IndnNGducXA2eTFmLU9UT01PVE9QTCIsInMiOiIxNiIsInAiOiIxMCwtMTAiLCJhIjoiMCJ9XX0.4XVHiWF3JLO3gkPm-tpjj-4AtiIHmCQ-nlsViD0GkAU/image;s=320x240
Chevrolet Camaro,299 999 PLN,2018,13 000 km,6 200 cm3,Benzyna,https://ireland.apollo.olxcdn.com/v1/files/eyJmbiI6IjIzaDJhbzU2bTZyMDEtT1RPTU9UT1BMIiwidyI6W3siZm4iOiJ3ZzRnbnFwNnkxZi1PVE9NT1RPUEwiLCJzIjoiMTYiLCJwIjoiMTAsLTEwIiwiYSI6IjAifV19.uW7DjBRyoYcm-XejEg0EQ1YEDM6YOhYQBakeWxPDQlM/image;s=320x240
Chevrolet Camaro,79 900 PLN,2017,77 500 km,6 162 cm3,Benzyna,https://ireland.apollo.olxcdn.com/v1/files/eyJmbiI6ImVpbTJxOG12MHI0cTMtT1RPTU9UT1BMIiwidyI6W3siZm4iOiJ3ZzRnbnFwNnkxZi1PVE9NT1RPUEwiLCJzIjoiMTYiLCJwIjoiMTAsLTEwIiwiYSI6IjAifV19.hoPp45Vx6mbBy_5U8Jlqn7lhMPnpcunZm6FbE6tz1UI/image;s=320x240
Chevrolet Camaro Coupe 2.0,87 000 PLN,2017,82 200 km,1 998 cm3,Benzyna,https://ireland.apollo.olxcdn.com/v1/files/eyJmbiI6InNxdDM3bjZ1Z3IzYzMtT1RPTU9UT1BMIiwidyI6W3siZm4iOiJ3ZzRnbnFwNnkxZi1PVE9NT1RPUEwiLCJzIjoiMTYiLCJwIjoiMTAsLTEwIiwiYSI6IjAifV19.zCynhQ1Yq1xTjaaBOCqbypfgqm3eKBwsA-6RwTQtZ0Y/image;s=320x240
Chevrolet Camaro,122 000 PLN,2019,77 000 km,1 998 cm3,Benzyna,https://ireland.apollo.olxcdn.com/v1/files/eyJmbiI6InkzMHJlaTE2dDJneDEtT1RPTU9UT1BMIiwidyI6W3siZm4iOiJ3ZzRnbnFwNnkxZi1PVE9NT1RPUEwiLCJzIjoiMTYiLCJwIjoiMTAsLTEwIiwiYSI6IjAifV19.xhrWEBAxWhijs-4TxNT2J0I7VSrvxtiDI8KxtRTnXuU/image;s=320x240
Chevrolet Camaro Coupe 6.2 V8,349 000 PLN,2018,24 000 km,6 162 cm3,Benzyna,https://ireland.apollo.olxcdn.com/v1/files/eyJmbiI6Ijc3OWw0N3I3dm5kMjItT1RPTU9UT1BMIiwidyI6W3siZm4iOiJ3ZzRnbnFwNnkxZi1PVE9NT1RPUEwiLCJzIjoiMTYiLCJwIjoiMTAsLTEwIiwiYSI6IjAifV19.G7kUPSZlyIbChdG79m2_JnwYmfiLvqdDJb-t0fUAODo/image;s=320x240
Chevrolet Camaro 3.6 V6 Coupe 2LT,109 500 PLN,2017,109 000 km,3 600 cm3,Benzyna,https://ireland.apollo.olxcdn.com/v1/files/eyJmbiI6ImxyemVoZncyY3ZkZy1PVE9NT1RPUEwiLCJ3IjpbeyJmbiI6IndnNGducXA2eTFmLU9UT01PVE9QTCIsInMiOiIxNiIsInAiOiIxMCwtMTAiLCJhIjoiMCJ9XX0.zDPiImRBuG5lmNavwhiPuxG4j1m1xFfxXq1sNjZYhEQ/image;s=320x240
Chevrolet Camaro Coupe 6.2 V8,149 000 PLN,2021,33 000 km,6 162 cm3,Benzyna,https://ireland.apollo.olxcdn.com/v1/files/eyJmbiI6InIxZmE0dHVnczhrODMtT1RPTU9UT1BMIiwidyI6W3siZm4iOiJ3ZzRnbnFwNnkxZi1PVE9NT1RPUEwiLCJzIjoiMTYiLCJwIjoiMTAsLTEwIiwiYSI6IjAifV19.9c1tgOn8NVUQ0GkD6_b_hTWf18m5_1GVBPBOO4QCk0Q/image;s=320x240
Chevrolet Camaro,83 900 PLN,2016,83 000 km,2 000 cm3,Benzyna,https://ireland.apollo.olxcdn.com/v1/files/eyJmbiI6InQ1Y3FnN2M0NmZ3ZjEtT1RPTU9UT1BMIiwidyI6W3siZm4iOiJ3ZzRnbnFwNnkxZi1PVE9NT1RPUEwiLCJzIjoiMTYiLCJwIjoiMTAsLTEwIiwiYSI6IjAifV19.dq64T5FPJqPBbg0UeAwaEYwbXSqXP2wsxQZHrScZxx8/image;s=320x240
Chevrolet Camaro,269 000 PLN,2019,17 300 km,6 162 cm3,Benzyna,https://ireland.apollo.olxcdn.com/v1/files/eyJmbiI6IjkwcXBqbTh6aG84NjItT1RPTU9UT1BMIiwidyI6W3siZm4iOiJ3ZzRnbnFwNnkxZi1PVE9NT1RPUEwiLCJzIjoiMTYiLCJwIjoiMTAsLTEwIiwiYSI6IjAifV19.boNQP-b_9oLNxOAA9bx3095SVlZhdsqr5jFWbbVd-dA/image;s=320x240
Chevrolet Camaro Coupe 6.2 V8,195 000 PLN,2018,70 000 km,6 162 cm3,Benzyna,https://ireland.apollo.olxcdn.com/v1/files/eyJmbiI6IjN4bWt5dXljaDljdy1PVE9NT1RPUEwiLCJ3IjpbeyJmbiI6IndnNGducXA2eTFmLU9UT01PVE9QTCIsInMiOiIxNiIsInAiOiIxMCwtMTAiLCJhIjoiMCJ9XX0.VS8UiRpchA5HkAtTo-nT_pAB1AzsBADvYRZNHb1lqHk/image;s=320x240
Chevrolet Camaro,165 000 PLN,2021,16 254 km,3 640 cm3,Benzyna,https://ireland.apollo.olxcdn.com/v1/files/eyJmbiI6IjR2eTdpcHNlY2hhZTEtT1RPTU9UT1BMIiwidyI6W3siZm4iOiJ3ZzRnbnFwNnkxZi1PVE9NT1RPUEwiLCJzIjoiMTYiLCJwIjoiMTAsLTEwIiwiYSI6IjAifV19.gYJXFqDRBq-uXDFuSfV7AVc9GFtOi6qg66yhnNRhHks/image;s=320x240
Chevrolet Camaro,69 900 PLN,2014,143 000 km,3 600 cm3,Benzyna,https://ireland.apollo.olxcdn.com/v1/files/eyJmbiI6InZzaGJlcnVkdnRldTMtT1RPTU9UT1BMIiwidyI6W3siZm4iOiJ3ZzRnbnFwNnkxZi1PVE9NT1RPUEwiLCJzIjoiMTYiLCJwIjoiMTAsLTEwIiwiYSI6IjAifV19.k8sFga0WsrpRj-4cUmk6hr7f4TBMEenTwkmdTCJvDEU/image;s=320x240
Chevrolet Camaro,72 900 PLN,2010,16 000 km,3 600 cm3,Benzyna,https://ireland.apollo.olxcdn.com/v1/files/eyJmbiI6ImIyY3l1cXgxeG9yNi1PVE9NT1RPUEwiLCJ3IjpbeyJmbiI6IndnNGducXA2eTFmLU9UT01PVE9QTCIsInMiOiIxNiIsInAiOiIxMCwtMTAiLCJhIjoiMCJ9XX0.1UPC8xEhtkgGpOXH4DEPubteCV2DrOoxs9BKRPA2bN8/image;s=320x240
Chevrolet Camaro 3.6 V6 Coupe 2LT,102 900 PLN,2017,135 868 km,3 600 cm3,Benzyna,https://ireland.apollo.olxcdn.com/v1/files/eyJmbiI6IjI1MnUwNDl6bnNzNjEtT1RPTU9UT1BMIiwidyI6W3siZm4iOiJ3ZzRnbnFwNnkxZi1PVE9NT1RPUEwiLCJzIjoiMTYiLCJwIjoiMTAsLTEwIiwiYSI6IjAifV19.RuZVQBa83h7mvqaB7tEWxHhiPLLROg-b3g6tJFSpIB8/image;s=320x240
Chevrolet Camaro 6.2 V8 Coupe ZL1,159 000 PLN,2013,72 600 km,6 162 cm3,Benzyna,https://ireland.apollo.olxcdn.com/v1/files/eyJmbiI6Imt1cHJ2bHlmNWQwNTMtT1RPTU9UT1BMIiwidyI6W3siZm4iOiJ3ZzRnbnFwNnkxZi1PVE9NT1RPUEwiLCJzIjoiMTYiLCJwIjoiMTAsLTEwIiwiYSI6IjAifV19.ipWi84Zyz-tyf6OGYfKVL-kdOQWASBDGZ06uH3FICDo/image;s=320x240
Chevrolet Camaro,120 000 PLN,1975,80 000 km,6 600 cm3,Benzyna,https://ireland.apollo.olxcdn.com/v1/files/eyJmbiI6IjRmN2RhcWFuOXJ1cjMtT1RPTU9UT1BMIiwidyI6W3siZm4iOiJ3ZzRnbnFwNnkxZi1PVE9NT1RPUEwiLCJzIjoiMTYiLCJwIjoiMTAsLTEwIiwiYSI6IjAifV19.hUxDpmtvJzbWO06QMOvq3fTecu01ju-TyYQKiGtifZg/image;s=320x240
Chevrolet Camaro,108 000 PLN,1979,90 000 km,5 700 cm3,Benzyna,https://ireland.apollo.olxcdn.com/v1/files/eyJmbiI6Im92cHgzcWs5N3B3ZS1PVE9NT1RPUEwiLCJ3IjpbeyJmbiI6IndnNGducXA2eTFmLU9UT01PVE9QTCIsInMiOiIxNiIsInAiOiIxMCwtMTAiLCJhIjoiMCJ9XX0.Q4f6dwjaWa75XAVoPJV-VuY6agFP4fKOrzvWuWg6lIs/image;s=320x240
Chevrolet Camaro Coupe 2.0,154 999 PLN,2020,32 000 km,1 998 cm3,Benzyna,https://ireland.apollo.olxcdn.com/v1/files/eyJmbiI6Ijd0dHpkZGpxZ2VoazMtT1RPTU9UT1BMIiwidyI6W3siZm4iOiJ3ZzRnbnFwNnkxZi1PVE9NT1RPUEwiLCJzIjoiMTYiLCJwIjoiMTAsLTEwIiwiYSI6IjAifV19.E-6HyZhaOaIyl5R3aAat70CcaciR6516fg2Vt2vySKk/image;s=320x240
Chevrolet Camaro 3.6 V6 Coupe 2LT,76 000 PLN,2014,110 000 km,3 600 cm3,Benzyna,https://ireland.apollo.olxcdn.com/v1/files/eyJmbiI6ImV0ZndzMXY4NXIyYTMtT1RPTU9UT1BMIiwidyI6W3siZm4iOiJ3ZzRnbnFwNnkxZi1PVE9NT1RPUEwiLCJzIjoiMTYiLCJwIjoiMTAsLTEwIiwiYSI6IjAifV19.nvzBXtNjsGITZMSTVLyfsFAYM15WmEKR2kf6B95gORs/image;s=320x240
Chevrolet Camaro Coupe 6.2 V8,126 000 PLN,2016,65 000 km,6 162 cm3,Benzyna,https://ireland.apollo.olxcdn.com/v1/files/eyJmbiI6IjZhNzUzbXF6MXdxNDItT1RPTU9UT1BMIiwidyI6W3siZm4iOiJ3ZzRnbnFwNnkxZi1PVE9NT1RPUEwiLCJzIjoiMTYiLCJwIjoiMTAsLTEwIiwiYSI6IjAifV19.k1rUU_8N3gLauTcqhq_9wVoUTMyOaHvT2W_k192sqS0/image;s=320x240
Chevrolet Camaro 3.6 V6 Coupe 2LT,50 900 PLN,2017,78 000 km,3 600 cm3,Benzyna,https://ireland.apollo.olxcdn.com/v1/files/eyJmbiI6IjVhemt1dzMwZWg4cTEtT1RPTU9UT1BMIiwidyI6W3siZm4iOiJ3ZzRnbnFwNnkxZi1PVE9NT1RPUEwiLCJzIjoiMTYiLCJwIjoiMTAsLTEwIiwiYSI6IjAifV19.Zs-liKwRZJq2VKnmmxVPnxF6WPdoTxfpb3pmSxsfDX4/image;s=320x240
Chevrolet Camaro 3.6 V6 Coupe 2LT,59 900 PLN,2017,45 000 km,3 600 cm3,Benzyna,https://ireland.apollo.olxcdn.com/v1/files/eyJmbiI6IjVmaHpuNDd1YWs0cjEtT1RPTU9UT1BMIiwidyI6W3siZm4iOiJ3ZzRnbnFwNnkxZi1PVE9NT1RPUEwiLCJzIjoiMTYiLCJwIjoiMTAsLTEwIiwiYSI6IjAifV19.YcYJJEL4vfmr-foRE_6fLsEcp0tOROf_bRVNNEvI1LQ/image;s=320x240
Chevrolet Camaro 3.6 V6 Coupe 2LT,76 950 PLN,2015,45 604 km,3 600 cm3,Benzyna,https://ireland.apollo.olxcdn.com/v1/files/eyJmbiI6ImUxZXl5Zjd4czBzZi1PVE9NT1RPUEwiLCJ3IjpbeyJmbiI6IndnNGducXA2eTFmLU9UT01PVE9QTCIsInMiOiIxNiIsInAiOiIxMCwtMTAiLCJhIjoiMCJ9XX0.Vn4_AvIUNQBhKIOdUYTQcwVrh23du77RXE9rXnI-cs0/image;s=320x240
Chevrolet Camaro,149 000 PLN,2021,47 500 km,3 640 cm3,Benzyna,https://ireland.apollo.olxcdn.com/v1/files/eyJmbiI6ImhldXdreTd2M3kwbS1PVE9NT1RPUEwiLCJ3IjpbeyJmbiI6IndnNGducXA2eTFmLU9UT01PVE9QTCIsInMiOiIxNiIsInAiOiIxMCwtMTAiLCJhIjoiMCJ9XX0.p7Zlhzqnaguh3dWJsKOCdF0vicvUJjjEjIM7mnHIVAc/image;s=320x240
Chevrolet Camaro 6.2 V8 Coupe,169 000 PLN,2017,68 000 km,6 162 cm3,Benzyna,https://ireland.apollo.olxcdn.com/v1/files/eyJmbiI6Img4d2lpa3I3bjhsZS1PVE9NT1RPUEwiLCJ3IjpbeyJmbiI6IndnNGducXA2eTFmLU9UT01PVE9QTCIsInMiOiIxNiIsInAiOiIxMCwtMTAiLCJhIjoiMCJ9XX0.L3TzygJjqwW0lEIcEgS7mTm8P4oEmLVwCREWvEzSI9o/image;s=320x240
Chevrolet Camaro,100 000 PLN,2017,98 500 km,3 600 cm3,Benzyna,https://ireland.apollo.olxcdn.com/v1/files/eyJmbiI6IjhnbjVreHZpdno5bTMtT1RPTU9UT1BMIiwidyI6W3siZm4iOiJ3ZzRnbnFwNnkxZi1PVE9NT1RPUEwiLCJzIjoiMTYiLCJwIjoiMTAsLTEwIiwiYSI6IjAifV19.SNDSdIxZebSsCbUBiBrRlgAVdzYxptceDbaVwwkH3mY/image;s=320x240
Chevrolet Camaro,119 900 PLN,2018,60 800 km,3 640 cm3,Benzyna,https://ireland.apollo.olxcdn.com/v1/files/eyJmbiI6IjNrY3VoeWR5Ymo4OTEtT1RPTU9UT1BMIiwidyI6W3siZm4iOiJ3ZzRnbnFwNnkxZi1PVE9NT1RPUEwiLCJzIjoiMTYiLCJwIjoiMTAsLTEwIiwiYSI6IjAifV19.5tlfA-ipMAamDmFZbBGdpb1xgMe6x8yw0GwYYTbY7eE/image;s=320x240
Chevrolet Camaro 6.2 V8 Coupe,84 000 PLN,2011,93 000 km,6 162 cm3,Benzyna,https://ireland.apollo.olxcdn.com/v1/files/eyJmbiI6ImNvemdmbTZuaGMxcjEtT1RPTU9UT1BMIiwidyI6W3siZm4iOiJ3ZzRnbnFwNnkxZi1PVE9NT1RPUEwiLCJzIjoiMTYiLCJwIjoiMTAsLTEwIiwiYSI6IjAifV19.FHfmZ-ogNS37sVHCMDEdIAEgrOwo14EGf6K7ocsfiAE/image;s=320x240
Chevrolet Camaro 3.6 V6 Coupe 1LS,73 000 PLN,2015,145 000 km,3 600 cm3,Benzyna,https://ireland.apollo.olxcdn.com/v1/files/eyJmbiI6InZsOThjaWtmbnpmbjMtT1RPTU9UT1BMIiwidyI6W3siZm4iOiJ3ZzRnbnFwNnkxZi1PVE9NT1RPUEwiLCJzIjoiMTYiLCJwIjoiMTAsLTEwIiwiYSI6IjAifV19.JmPFObth3zns9yfo8lwVlnbPkEAbqvRrKdAbjOVikTs/image;s=320x240
Chevrolet Camaro Coupe 6.2 V8,140 000 PLN,2016,55 750 km,6 162 cm3,Benzyna,https://ireland.apollo.olxcdn.com/v1/files/eyJmbiI6ImNvOHY0ZDl1ZG1zZjMtT1RPTU9UT1BMIiwidyI6W3siZm4iOiJ3ZzRnbnFwNnkxZi1PVE9NT1RPUEwiLCJzIjoiMTYiLCJwIjoiMTAsLTEwIiwiYSI6IjAifV19.hw4iyUPJOqxV0zOr94uw-rYxudxsjkk7Fd1__DdNtYk/image;s=320x240
Chevrolet Camaro Coupe 6.2 V8,320 000 PLN,2019,19 000 km,6 162 cm3,Benzyna,https://ireland.apollo.olxcdn.com/v1/files/eyJmbiI6Imtyamk2OG5mN3VrMy1PVE9NT1RPUEwiLCJ3IjpbeyJmbiI6IndnNGducXA2eTFmLU9UT01PVE9QTCIsInMiOiIxNiIsInAiOiIxMCwtMTAiLCJhIjoiMCJ9XX0.NaIpF4F2vpCF8EA1EB7VeuoDNWwdawLB6QO8eMKR2yE/image;s=320x240
Chevrolet Camaro Coupe 2.0,89 900 PLN,2018,93 852 km,1 998 cm3,Benzyna,https://ireland.apollo.olxcdn.com/v1/files/eyJmbiI6ImRkeTRqMmc1emF3azEtT1RPTU9UT1BMIiwidyI6W3siZm4iOiJ3ZzRnbnFwNnkxZi1PVE9NT1RPUEwiLCJzIjoiMTYiLCJwIjoiMTAsLTEwIiwiYSI6IjAifV19.hp5Kcoj7Lx4xa8ghSEzGCmtyKjSNtnKb4CQCM4MGFKs/image;s=320x240
Chevrolet Camaro 3.6 V6 Coupe 2LT,32 900 PLN,2015,98 353 km,3 600 cm3,Benzyna,https://ireland.apollo.olxcdn.com/v1/files/eyJmbiI6InpyYTVuZmo3cGZ4bi1PVE9NT1RPUEwiLCJ3IjpbeyJmbiI6IndnNGducXA2eTFmLU9UT01PVE9QTCIsInMiOiIxNiIsInAiOiIxMCwtMTAiLCJhIjoiMCJ9XX0.aZ_fYlmeHN8pzN3xUyp4GKZ9brh8Zclmy-XRKyZcTkY/image;s=320x240
Chevrolet Camaro 3.6 V6 1LT,53 000 PLN,2011,280 000 km,3 600 cm3,Benzyna,https://ireland.apollo.olxcdn.com/v1/files/eyJmbiI6Im43azJlcHh1OGk3ZzEtT1RPTU9UT1BMIiwidyI6W3siZm4iOiJ3ZzRnbnFwNnkxZi1PVE9NT1RPUEwiLCJzIjoiMTYiLCJwIjoiMTAsLTEwIiwiYSI6IjAifV19.kMwwjvzxSWqDlungCgvulzbSNyxNRRgj06DF8aFFIkM/image;s=320x240
Chevrolet Camaro,95 000 PLN,2017,95 000 km,3 600 cm3,Benzyna,https://ireland.apollo.olxcdn.com/v1/files/eyJmbiI6Imw0eWg3Ym5lNmR1MjMtT1RPTU9UT1BMIiwidyI6W3siZm4iOiJ3ZzRnbnFwNnkxZi1PVE9NT1RPUEwiLCJzIjoiMTYiLCJwIjoiMTAsLTEwIiwiYSI6IjAifV19.wWf6T53p2Nz-qILQ1a6CcDmj-gB65uIOCRlftoXl50Q/image;s=320x240
Chevrolet Camaro Coupe 2.0,105 000 PLN,2018,75 000 km,1 998 cm3,Benzyna,https://ireland.apollo.olxcdn.com/v1/files/eyJmbiI6Imw1eGtxYTJ6Z3l5NTItT1RPTU9UT1BMIiwidyI6W3siZm4iOiJ3ZzRnbnFwNnkxZi1PVE9NT1RPUEwiLCJzIjoiMTYiLCJwIjoiMTAsLTEwIiwiYSI6IjAifV19.iWEkhAER9UbkpLr9c8Awmx-c5fClv8ABdL1okGqQh2c/image;s=320x240
Chevrolet Camaro Coupe 6.2 V8,199 500 PLN,2021,77 000 km,6 162 cm3,Benzyna,https://ireland.apollo.olxcdn.com/v1/files/eyJmbiI6ImlhYng0ajJyZ2xwazItT1RPTU9UT1BMIiwidyI6W3siZm4iOiJ3ZzRnbnFwNnkxZi1PVE9NT1RPUEwiLCJzIjoiMTYiLCJwIjoiMTAsLTEwIiwiYSI6IjAifV19.ZRbVWQZgAPbuDTagUSJGMMrKSkrA5bdy0cINMr70iEM/image;s=320x240
Chevrolet Camaro,124 000 PLN,1969,111 111 km,5 800 cm3,Benzyna,https://ireland.apollo.olxcdn.com/v1/files/eyJmbiI6Ijc5MnFqMHYxc2l2bC1PVE9NT1RPUEwiLCJ3IjpbeyJmbiI6IndnNGducXA2eTFmLU9UT01PVE9QTCIsInMiOiIxNiIsInAiOiIxMCwtMTAiLCJhIjoiMCJ9XX0.BlYdIAEAS8GJW2AkldneWwfj_Iw6vyXCvpTz-TNAWJA/image;s=320x240
Chevrolet Camaro,64 900 PLN,2012,87 000 km,3 600 cm3,Benzyna,https://ireland.apollo.olxcdn.com/v1/files/eyJmbiI6ImUxbDB3cGxvbGo3dzItT1RPTU9UT1BMIiwidyI6W3siZm4iOiJ3ZzRnbnFwNnkxZi1PVE9NT1RPUEwiLCJzIjoiMTYiLCJwIjoiMTAsLTEwIiwiYSI6IjAifV19.0XhQBjJ2b-7H3yVod_WoKOimkGUDMN0pgvpDyBCO3dU/image;s=320x240
Chevrolet Camaro Coupe 6.2 V8,59 000 PLN,2015,165 319 km,6 162 cm3,Benzyna,https://ireland.apollo.olxcdn.com/v1/files/eyJmbiI6InR1cTFvMTd4Z3IybDMtT1RPTU9UT1BMIiwidyI6W3siZm4iOiJ3ZzRnbnFwNnkxZi1PVE9NT1RPUEwiLCJzIjoiMTYiLCJwIjoiMTAsLTEwIiwiYSI6IjAifV19.j4DqEykNGscmeY_GXN344DXGPieNnI7VOE355RoS3fE/image;s=320x240
Chevrolet Camaro Coupe 6.2 V8,175 000 PLN,2019,12 000 km,6 162 cm3,Benzyna,https://ireland.apollo.olxcdn.com/v1/files/eyJmbiI6Im85cDBtbWgybjY2ajEtT1RPTU9UT1BMIiwidyI6W3siZm4iOiJ3ZzRnbnFwNnkxZi1PVE9NT1RPUEwiLCJzIjoiMTYiLCJwIjoiMTAsLTEwIiwiYSI6IjAifV19.HcHer7jO2mWYy_i27f0JSMsXqnEld4_RDPxN4bUXWHA/image;s=320x240
Chevrolet Camaro 3.6 V6 Coupe 1LS,115 900 PLN,2016,85 500 km,3 600 cm3,Benzyna,https://ireland.apollo.olxcdn.com/v1/files/eyJmbiI6Inh5dDBncGFnemNtNzEtT1RPTU9UT1BMIiwidyI6W3siZm4iOiJ3ZzRnbnFwNnkxZi1PVE9NT1RPUEwiLCJzIjoiMTYiLCJwIjoiMTAsLTEwIiwiYSI6IjAifV19.MsjjGGMlTi3nG_71_dBG6WFCqYOi1kjnI3vitiJkK2Q/image;s=320x240
Chevrolet Camaro,105 000 PLN,2016,70 000 km,3 600 cm3,Benzyna,https://ireland.apollo.olxcdn.com/v1/files/eyJmbiI6Img3aDVoajRyYmtsMDEtT1RPTU9UT1BMIiwidyI6W3siZm4iOiJ3ZzRnbnFwNnkxZi1PVE9NT1RPUEwiLCJzIjoiMTYiLCJwIjoiMTAsLTEwIiwiYSI6IjAifV19.ItU20beMtekVnYnRnWVxqppbFPJM0DzavBl2EEIlrGw/image;s=320x240
Chevrolet Camaro Coupe 2.0,98 900 PLN,2017,26 008 km,1 998 cm3,Benzyna,https://ireland.apollo.olxcdn.com/v1/files/eyJmbiI6ImR2bTFvbWV3ejBybTEtT1RPTU9UT1BMIiwidyI6W3siZm4iOiJ3ZzRnbnFwNnkxZi1PVE9NT1RPUEwiLCJzIjoiMTYiLCJwIjoiMTAsLTEwIiwiYSI6IjAifV19.zY8of3ZRoq7FPCAab2kp_hoGbzFrjWfueXqVpOQPhrk/image;s=320x240
Chevrolet Camaro,147 000 PLN,2022,45 500 km,6 200 cm3,Benzyna,https://ireland.apollo.olxcdn.com/v1/files/eyJmbiI6Ijgyb2dxd3FvenFpcDItT1RPTU9UT1BMIiwidyI6W3siZm4iOiJ3ZzRnbnFwNnkxZi1PVE9NT1RPUEwiLCJzIjoiMTYiLCJwIjoiMTAsLTEwIiwiYSI6IjAifV19.D6LPAUzJ6Lz7n-6o610V4zHCmzb5HaOBgPNupbiZLK4/image;s=320x240
